task,accuracy,recall,f1_score
fraud_detection,0.9764846000443164,0.5197044334975369,0.4985233313644418
late_delivery_prediction,0.9776756038112121,0.9794402909678723,0.9796382376717866
